,minted_token_address,minted_token,main_token_address,main_token,token_order,project,chain,Unnamed: 7
0,0xae7ab96520de3a18e5e111b5eaab095312d7fe84,steth,0x00,eth,0.0,lido,ethereum,TBD
1,0x7f39c581f595b53c5cb19bd0b3f8da6c935e2ca0,wsteth,0xae7ab96520de3a18e5e111b5eaab095312d7fe84,steth,0.0,lido,ethereum,TBD
2,0x06325440d014e39736583c165c2963ba99faf14e,stecrv,0xae7ab96520de3a18e5e111b5eaab095312d7fe84,steth,1.0,curve,ethereum,convex
3,0x182b723a58739a9c974cfdb385ceadb237453c28,stecrv_gauge,0x06325440d014e39736583c165c2963ba99faf14e,stecrv,2.0,curve,ethereum,TBD
4,0x828b154032950c8ff7cf8085d841723db2696056,stetheth_c_f,0xae7ab96520de3a18e5e111b5eaab095312d7fe84,steth,1.0,curve,ethereum,TBD
5,0xf668e6d326945d499e5b35e7cd2e82acfbcfe6f0,stetheth_c_f_gauge,0x828b154032950c8ff7cf8085d841723db2696056,stetheth_c_f,2.0,curve,ethereum,TBD
6,0x5faf6a2d186448dfa667c51cb3d695c7a6e52d8e,yvCurve_steth_weth,0x828b154032950c8ff7cf8085d841723db2696056,stetheth_c_f,2.0,yearn,ethereum,TBD
7,0xdCD90C7f6324cfa40d7169ef80b12031770B4325,yvCurve_stETH,0x06325440d014e39736583c165c2963ba99faf14e,stecrv,2.0,yearn,ethereum,TBD
8,0x447ddd4960d9fdbf6af9a790560d0af76795cb08,rethwsteth_f,0x7f39C581F595B53c5cb19bD0b3f8dA6c935E2Ca0,wsteth,1.0,curve,ethereum,TBD
9,0x8ad7e0e6edc61bc48ca0dd07f9021c249044ed30,reth_wsteth_f_gauge,0x447ddd4960d9fdbf6af9a790560d0af76795cb08,rethwsteth_f,2.0,curve,ethereum,TBD
10,0xc27bfe32e0a934a12681c1b35acf0dba0e7460ba,fstecrv,0x06325440d014e39736583c165c2963ba99faf14e,stecrv,2.0,farmstecrv,ethereum,TBD
11,0x1982b2f5814301d4e9a8b0201555376e62f82428,asteth,0xae7ab96520de3a18e5e111b5eaab095312d7fe84,steth,1.0,aave,ethereum,TBD
12,0x0B925eD163218f6662a35e0f0371Ac234f9E9371,aEthwstETH,0x7f39C581F595B53c5cb19bD0b3f8dA6c935E2Ca0,wsteth,1.0,aave_v3,ethereum,TBD
13,0xC96113eED8cAB59cD8A66813bCB0cEb29F06D2e4,variableDebtEthwstETH,0x7f39C581F595B53c5cb19bD0b3f8dA6c935E2Ca0,wsteth,1.0,aave_v3,ethereum,TBD
14,0xc383a3833a87009fd9597f8184979af5edfad019,iETH (ies) ,0x1982b2f5814301d4e9a8b0201555376e62f82428,asteth,2.0,instadapp,ethereum,TBD
15,0x1f629794b34ffb3b29ff206be5478a52678b47ae,1inch_lp,0xae7ab96520de3a18e5e111b5eaab095312d7fe84,steth,1.0,1inch,ethereum,TBD
16,0x53773e034d9784153471813dacaff53dbbb78e8c,rsteth_theta,0xae7ab96520de3a18e5e111b5eaab095312d7fe84,steth,1.0,ribbon,ethereum,TBD
17,0x4e079dca26a4fe2586928c1319b20b1bf9f9be72,rsteth_theta_gauge,0x53773e034d9784153471813dacaff53dbbb78e8c,rsteth_theta,2.0,ribbon,ethereum,TBD
18,0xce5513474e077f5336cf1b33c1347fdd8d48ae8c,rearn_steth,0xae7ab96520de3a18e5e111b5eaab095312d7fe84,steth,1.0,ribbon,ethereum,TBD
19,0xAd4dBd3be46f7BDaB82702b581b1d4C5f584741a,rearn_steth_gauge,0xce5513474e077f5336cf1b33c1347fdd8d48ae8c,rearn_steth,2.0,ribbon,ethereum,TBD
20,0xc5578194d457dcce3f272538d1ad52c68d1ce849,SLP,0x7f39C581F595B53c5cb19bD0b3f8dA6c935E2Ca0,wsteth,1.0,SushiSwap,ethereum,TBD
21,0x7259ee19d6b5e755e7c65cecfd2466c09e251185,fwsteth_8,0x7f39C581F595B53c5cb19bD0b3f8dA6c935E2Ca0,wsteth,1.0,feirari,ethereum,TBD
22,0xbc10c4f7b9fe0b305e8639b04c536633a3db7065,sdstecrv,0x06325440d014e39736583c165c2963ba99faf14e,stecrv,2.0,StakeDAO,ethereum,TBD
23,0x4028daac072e492d34a3afdbef0ba7e35d8b55c4,steth_eth ,0xae7ab96520de3a18e5e111b5eaab095312d7fe84,steth,1.0,uni_v2,ethereum,TBD
24,0xbfd291da8a403daaf7e5e9dc1ec0aceacd4848b9,iwsteth,0x7f39C581F595B53c5cb19bD0b3f8dA6c935E2Ca0,wsteth,1.0,dForce,ethereum,TBD
25,0x49da42a1eca4ac6ca0c6943d9e5dc64e4641e0e3,fwsteth_146,0x7f39C581F595B53c5cb19bD0b3f8dA6c935E2Ca0,wsteth,1.0,tribe,ethereum,TBD
26,0x8acdb3bcc5101b1ba8a5070f003a77a2da376fe8,farm_1lp_ldo,0xae7ab96520de3a18e5e111b5eaab095312d7fe84,steth,1.0,1inch,ethereum,TBD
27,0x32296969Ef14EB0c6d29669C550D4a0449130230,b_steth_stable,0x7f39C581F595B53c5cb19bD0b3f8dA6c935E2Ca0,wsteth,1.0,Balancer,ethereum,TBD
28,0xcd4722b7c24c29e0413bdcd9e51404b4539d14ae,b_steth_stable_gauge,0x32296969Ef14EB0c6d29669C550D4a0449130230,b_steth_stable,2.0,Balancer,ethereum,TBD
29,0x207893b97246481839D97E9dBFEe6672071f1697,auraB_stETH_STABLE,0x32296969Ef14EB0c6d29669C550D4a0449130230,b_steth_stable,3.0,Aura,ethereum,TBD
30,0x4EdcB2B46377530Bc18BB4D2c7Fe46a992c73e10,cbETH_wstETH_BPT,0x7f39C581F595B53c5cb19bD0b3f8dA6c935E2Ca0,wstETH,1.0,Balancer,ethereum,100%balancer vault
31,0xe624E9E85A5728072313c4F4720cDF8fD4FFdAFC,cbETH_wstETH_BPT_gauge,0x4EdcB2B46377530Bc18BB4D2c7Fe46a992c73e10,cbETH_wstETH_BPT,2.0,Balancer,ethereum,TBD
32,0x9c6d47Ff73e0F5E51BE5FD53236e3F595C5793F2,B_cbETH_wstETH_Stable,0x7f39C581F595B53c5cb19bD0b3f8dA6c935E2Ca0,wstETH,1.0,Balancer,ethereum,TBD
33,0x01A9502C11f411b494c62746D37e89d6f7078657,B_cbETH_wstETH_Stable_gauge,0x9c6d47Ff73e0F5E51BE5FD53236e3F595C5793F2,B_cbETH_wstETH_Stable,2.0,Balancer,ethereum,TBD
34,0x692F37c3166319F790B0a4A97E23252180B286A8,auraB_cbETH_wstETH_Stable,0x9c6d47Ff73e0F5E51BE5FD53236e3F595C5793F2,B_cbETH_wstETH_Stable,3.0,Aura,ethereum,TBD
35,0x25Accb7943Fd73Dda5E23bA6329085a3C24bfb6a,50wstETH_50bb_a_USD,0x7f39C581F595B53c5cb19bD0b3f8dA6c935E2Ca0,wsteth,1.0,Balancer ,ethereum,TBD
36,0x651361a042e0573295dd7f6A84dBD1DA56DAc9D5,50wstETH_50bb_a_USD_gauge,0x25Accb7943Fd73Dda5E23bA6329085a3C24bfb6a,50wstETH_50bb_a_USD,2.0,Balancer,ethereum,TBD
37,0x6952A25E5E43E13714D5953E93AD9976b7b50f66,aura50wstETH_50bb_a_USD,0x25Accb7943Fd73Dda5E23bA6329085a3C24bfb6a,50wstETH_50bb_a_USD,3.0,Aura,ethereum,TBD
38,0x8e85e97ed19C0fa13B2549309965291fbbc0048b,sfrxETH_stETH_rETH_BPT,0xae7ab96520de3a18e5e111b5eaab095312d7fe84,steth,1.0,Balancer ,ethereum,TBD
39,0x3F0FB52648Eb3981EA598716b7320081d1c8Ba1a,sfrxETH_stETH_rETH_BPT_gauge,0x8e85e97ed19C0fa13B2549309965291fbbc0048b,sfrxETH_stETH_rETH_BPT,2.0,Balancer ,ethereum,TBD
40,0x6c4aFa47860AAd1Ba39dFA778FEf4EfA5e5ba3b7,aurasfrxETH_stETH_rETH_BPT,0x8e85e97ed19C0fa13B2549309965291fbbc0048b,sfrxETH_stETH_rETH_BPT,3.0,Aura,ethereum,TBD
41,0xd4f79CA0Ac83192693bce4699d0c10C66Aa6Cf0F,50OHM_50wstETH,0x7f39C581F595B53c5cb19bD0b3f8dA6c935E2Ca0,wsteth,1.0,Balancer,ethereum,TBD
42,0xA02D8861FBFD0bA3D8EbaFA447Fe7680a3FA9a93,aura50OHM_50WETH,0x7f39C581F595B53c5cb19bD0b3f8dA6c935E2Ca0,wstETH,3.0,Aura,ethereum,TBD
43,0x4fD4687ec38220F805b6363C3c1E52D0dF3B5023,50wstETH_50bb_euler_USD ,0x7f39C581F595B53c5cb19bD0b3f8dA6c935E2Ca0,wsteth,1.0,Balancer,ethereum,TBD
44,0x623F3Dbc761B46F64aE7951700Dd7724cB7d6075,50wstETH_50bb_euler_USD_gauge,0x4fD4687ec38220F805b6363C3c1E52D0dF3B5023,50wstETH_50bb_euler_USD ,2.0,Balancer,ethereum,TBD
45,0x5aEe1e99fE86960377DE9f88689616916D5DcaBe,wstETH_rETH_sfrxETH_BPT ,0x7f39C581F595B53c5cb19bD0b3f8dA6c935E2Ca0,wsteth,1.0,Balancer,ethereum,TBD
46,0xA2a9Ebd6f4dEA4802083F2C8D08066A4e695e64B,wstETH_rETH_sfrxETH_BPT_gauge,0x5aEe1e99fE86960377DE9f88689616916D5DcaBe,wstETH_rETH_sfrxETH_BPT ,2.0,Balancer,ethereum,TBD
47,0xF706d697b019C4e007EE287957E3f8dd488e4873,aurawstETH_rETH_sfrxETH_BPT,0x5aEe1e99fE86960377DE9f88689616916D5DcaBe,wstETH_rETH_sfrxETH_BPT ,3.0,Aura,ethereum,TBD
48,0x959216BB492B2efa72b15B7AAcEa5B5C984c3ccA,50wstETH_50stk_APE ,0x7f39C581F595B53c5cb19bD0b3f8dA6c935E2Ca0,wsteth,1.0,Balancer,ethereum,TBD
49,0xD973e86547e810117Db131B94708F429A463535E,50wstETH_50stk_APE_gauge,0x959216BB492B2efa72b15B7AAcEa5B5C984c3ccA,50wstETH_50stk_APE ,2.0,Balancer,ethereum,TBD
50,0x25fB5E238a3cb25f4FEE8B16153aA6edb27e96CB,aura50wstETH_50stk_APE,0x959216BB492B2efa72b15B7AAcEa5B5C984c3ccA,50wstETH_50stk_APE ,3.0,Aura,ethereum,TBD
51,0x798b112420AD6391A4129Ac25eF59663a44C88bB,wstETH_ACX,0x7f39C581F595B53c5cb19bD0b3f8dA6c935E2Ca0,wsteth,1.0,Balancer,ethereum,TBD
52,0x89F65570Ac019f86E145c501023e2ef7010D155B,wstETH_ACX_gauge,0x798b112420AD6391A4129Ac25eF59663a44C88bB,wstETH_ACX,2.0,Balancer,ethereum,TBD
53,0x36Be1E97eA98AB43b4dEBf92742517266F5731a3,50wstETH_50ACX ,0x7f39C581F595B53c5cb19bD0b3f8dA6c935E2Ca0,wsteth,1.0,Balancer,ethereum,TBD
54,0xf7B0751Fea697cf1A541A5f57D11058a8fB794ee,50wstETH_50ACX_gauge,0x36Be1E97eA98AB43b4dEBf92742517266F5731a3,50wstETH_50ACX ,2.0,Balancer,ethereum,TBD
55,0xCFfBCf0765B2461b956E18D19Fc6fE33A6Ab0Aa0,aura50wstETH_50ACX,0x36Be1E97eA98AB43b4dEBf92742517266F5731a3,50wstETH_50ACX ,3.0,Aura,ethereum,TBD
56,0x496ff26B76b8d23bbc6cF1Df1eeE4a48795490F7,50COMP_50WSTETH,0x7f39C581F595B53c5cb19bD0b3f8dA6c935E2Ca0,wsteth,1.0,Balancer,ethereum,TBD
57,0x9C0f4144D037688e0AdA74B22a9aAb7c14c58e6C,50COMP_50WSTETH_gauge,0x496ff26B76b8d23bbc6cF1Df1eeE4a48795490F7,50COMP_50WSTETH,2.0,Balancer,ethereum,TBD
58,0x6a5EaD5433a50472642Cd268E584dafa5a394490,50wstETH_50LDO,0x7f39C581F595B53c5cb19bD0b3f8dA6c935E2Ca0,wsteth,1.0,Balancer,ethereum,TBD
59,0xc2c2304E163e1aB53De2eEB08820a0B592bec20B,50WSTETH_50LDO_gauge,0x6a5EaD5433a50472642Cd268E584dafa5a394490,50wstETH_50LDO,2.0,Balancer,ethereum,TBD
60,0x46fCc16FF800D2B8D2927c292FcC86e7255e8217,aura50WSTETH_50LDO,0x6a5EaD5433a50472642Cd268E584dafa5a394490,50wstETH_50LDO,3.0,Aura,ethereum,TBD
61,0x5f1f4E50ba51D723F12385a8a9606afc3A0555f5,50wstETH_50LDO,0x7f39C581F595B53c5cb19bD0b3f8dA6c935E2Ca0,wsteth,1.0,Balancer,ethereum,TBD
62,0x95201B61EF19C867dA0D093DF20021e1a559452c,50wstETH_50LDO_gauge,0x5f1f4E50ba51D723F12385a8a9606afc3A0555f5,50wstETH_50LDO,2.0,Balancer,ethereum,TBD
63,0x405619AC97347b8EC2f2dB23e86420ec6B879DC7,aura50wstETH_50LDO,0x5f1f4E50ba51D723F12385a8a9606afc3A0555f5,50wstETH_50LDO,3.0,Aura,ethereum,TBD
64,0xb9BD68A77cCF8314c0Dfe51bC291C77590C4e9e6,50wstETH_50bb_a_USD,0x7f39C581F595B53c5cb19bD0b3f8dA6c935E2Ca0,wsteth,1.0,Balancer,ethereum,TBD
65,0x43BDd55D9C98Ae9184dc3a869Ab89a83762156D5,wstETH_UMA,0x7f39C581F595B53c5cb19bD0b3f8dA6c935E2Ca0,wsteth,1.0,Balancer,ethereum,TBD
66,0xd265Ea38e868c532D8Dc3893398656F36F9c8c54,50USDC_50TYPE,0x7f39C581F595B53c5cb19bD0b3f8dA6c935E2Ca0,wsteth,1.0,Balancer,ethereum,TBD
67,0x851523A36690bF267BbFEC389C823072D82921a9,B_wstETH_STABLE_C,0x7f39C581F595B53c5cb19bD0b3f8dA6c935E2Ca0,wsteth,1.0,Balancer,ethereum,TBD
68,0x436548baAb5Ec4D79F669D1b9506D67e98927aF7,dwsteth,0x7f39C581F595B53c5cb19bD0b3f8dA6c935E2Ca0,wsteth,1.0,Euler,ethereum,TBD
69,0xbd1bd5C956684f7EB79DA40f582cbE1373A1D593,ewsteth,0x7f39C581F595B53c5cb19bD0b3f8dA6c935E2Ca0,wsteth,1.0,Euler,ethereum,TBD
70,0x60897720AA966452e8706e74296B018990aEc527,wewstETH,0x7f39C581F595B53c5cb19bD0b3f8dA6c935E2Ca0,wsteth,1.0,Euler,ethereum,TBD
71,0x463f9ed5e11764eb9029762011a03643603ad879,stETHvv,0xae7ab96520de3a18e5e111b5eaab095312d7fe84,steth,1.0,stETH Volatility Vault,ethereum,TBD
72,0xe134e3fbe36c2d3f7cdd26265dd497f3586b2825,sstETH,0xae7ab96520de3a18e5e111b5eaab095312d7fe84,steth,1.0,Sturdy interest bearing,ethereum,TBD
73,0x923d411E62Cd3727e0B7dec458Ba89B0191A7067,sP_wstETH:01_05_2022:5,0x7f39C581F595B53c5cb19bD0b3f8dA6c935E2Ca0,wsteth,1.0,Sense Finance,ethereum,TBD
74,0x3A3359af098bb20a4EB1809a298Ca7B1d5B6Be94,sY_wstETH:01_05_2022:5,0x7f39C581F595B53c5cb19bD0b3f8dA6c935E2Ca0,wsteth,1.0,Sense Finance,ethereum,TBD
75,0xc1Fd90b0C31CF4BF16C04Ed8c6A05105EFc7c989,sP_wstETH:01_07_2022:5,0x7f39C581F595B53c5cb19bD0b3f8dA6c935E2Ca0,wsteth,1.0,Sense Finance,ethereum,TBD
76,0x7ecE94fD7F997800F7bfE2D53B9D0AABcE05d10b,sY_wstETH:01_07_2022:5,0x7f39C581F595B53c5cb19bD0b3f8dA6c935E2Ca0,wsteth,1.0,Sense Finance,ethereum,TBD
77,0x7E6C956e8Cdb4c71A93D12Fa6641a31B27ab3588,sP_wstETH:01_12_2022:8,0x7f39C581F595B53c5cb19bD0b3f8dA6c935E2Ca0,wsteth,1.0,Sense Finance,ethereum,TBD
78,0x766e2877946a807362e70E95527F7302Ee6D73C0,sY_wstETH:01_12_2022:8,0x7f39C581F595B53c5cb19bD0b3f8dA6c935E2Ca0,wsteth,1.0,Sense Finance,ethereum,TBD
79,0x161406b993C4200F8089918840D9055368e0C675,sP_wstETH:01_04_2023:8,0x7f39C581F595B53c5cb19bD0b3f8dA6c935E2Ca0,wsteth,1.0,Sense Finance,ethereum,TBD
80,0x8Ede614632d64E13ff10b5f265d6D3e264f915F6,sY_wstETH:01_04_2023:8,0x7f39C581F595B53c5cb19bD0b3f8dA6c935E2Ca0,wsteth,1.0,Sense Finance,ethereum,TBD
81,0xB4d279e3529ebbC78D48006Eaca4440854997d10,sP_wstETH:01_06_2027:8,0x7f39C581F595B53c5cb19bD0b3f8dA6c935E2Ca0,wsteth,1.0,Sense Finance,ethereum,TBD
82,0xc8Cb047eF6c072dd6E384b4D71655Ec667667874,sY_wstETH:01_06_2027:8,0x7f39C581F595B53c5cb19bD0b3f8dA6c935E2Ca0,wsteth,1.0,Sense Finance,ethereum,TBD
83,0x2688FC68c4eac90d9E5e1B94776cF14eADe8D877,AA_wstETH,0xae7ab96520de3a18e5e111b5eaab095312d7fe84,steth,1.0,Idle Finance,ethereum,TBD
84,0x675eC042325535F6e176638Dd2d4994F645502B9,AA_wstETH_gauge,0x2688FC68c4eac90d9E5e1B94776cF14eADe8D877,AA_wstETH,2.0,Idle Finance,ethereum,TBD
85,0x9ee91F9f426fA633d227f7a9b000E28b9dfd8599,stmatic,0x7D1AfA7B718fb893dB30A3aBc0Cfc608AaCfeBB0,matic,1.0,lido,ethereum,TBD
86,0x077212c69A66261CF7bD1fd3b5C5db7CfFA948Ee,BB_stMATIC,0x9ee91F9f426fA633d227f7a9b000E28b9dfd8599,stmatic,2.0,IdleCDO BB Tranche _ stMATIC,ethereum,TBD
87,0x96B804984f0a3A981B9bd3e5c7346B48B27d0696,wstETH-fstETH-B8C6-CLR-100bps ,0x7f39C581F595B53c5cb19bD0b3f8dA6c935E2Ca0,wsteth,1.0,Flashstake,ethereum,TBD
88,0x6C28aA0c712e766673d266963bB1c10e3fe16CA0,wstETH_fstETH_B8C6_CLR_100bps,0x7f39C581F595B53c5cb19bD0b3f8dA6c935E2Ca0,wsteth,1.0,Flashstake,ethereum,TBD
89,0x36576C47Ac9Fa8f6e3ecDA989b8576614B0E3153,wstETH_fstETH_B8C6_CLR_100bps,0x7f39C581F595B53c5cb19bD0b3f8dA6c935E2Ca0,wsteth,1.0,Flashstake,ethereum,TBD
90,0x783FE9Af400Fb072c4c8389C241b2E4AEa882687,wstETH_fstETH_B8C6_CLR_100bps,0x7f39C581F595B53c5cb19bD0b3f8dA6c935E2Ca0,wsteth,1.0,Flashstake,ethereum,TBD
91,0x035652a14E27DE1d7CA36bfF0C4dFC3e2F0749b4,sdsteCRV_vault,0x06325440d014e39736583c165c2963ba99faf14e,stecrv,2.0,StakeDAO,ethereum,TBD
92,0x087143dDEc7e00028AA0e446f486eAB8071b1f53,sdsteCRV_gauge,0x035652a14E27DE1d7CA36bfF0C4dFC3e2F0749b4,sdsteCRV_vault,2.0,StakeDAO,ethereum,TBD
93,0x7dBab34cfaCcf4aaBaC9D5ec298497dc252e2920,sdB_stETH_STABLE_vault,0x32296969Ef14EB0c6d29669C550D4a0449130230,b_steth_stable,2.0,StakeDAO,ethereum,TBD
94,0x153E7FBC27161B6CC87fb3DaA77D65d4FDFA11B5,sdB_stETH_STABLE_gauge,0x7dBab34cfaCcf4aaBaC9D5ec298497dc252e2920,sdB_stETH_STABLE_vault,2.0,StakeDAO,ethereum,TBD
95,0xC1f3C276Bf73396C020E8354bcA581846171649d,yvwstETH,0x7f39C581F595B53c5cb19bD0b3f8dA6c935E2Ca0,wsteth,1.0,Yearn,ethereum,TBD
96,0x07f589eA6B789249C83992dD1eD324c3b80FD06b,LPePyvCurve_stETH_24FEB23,0xcD62f09681dCBB9fbc5bA8054B52F414Cb28960A,yvCurve_stETH,3.0,Element Finance,ethereum,TBD
97,0x724e3073317d4B1A8d0c6E89B137eA5af1f4051e,ePyvCurve_stETH_24FEB23,0xcD62f09681dCBB9fbc5bA8054B52F414Cb28960A,yvCurve_stETH,3.0,Element Finance,ethereum,TBD
98,0x9518c9063eB0262D791f38d8d6Eb0aca33c63ed0,cvxsteCRV,0x06325440d014e39736583c165c2963ba99faf14e,stecrv,2.0,Convex,ethereum,TBD
99,0xebfe63ba0264ad639b3c41d2bfe1ad708f683bc8,KS2_RT,0x7f39C581F595B53c5cb19bD0b3f8dA6c935E2Ca0,wsteth,1.0,KyberSwap ,ethereum,TBD
100,0x2B1c7b41f6A8F2b2bc45C3233a5d5FB3cD6dC9A8,KS2NPM ,0x7f39C581F595B53c5cb19bD0b3f8dA6c935E2Ca0,wsteth,1.0,KyberSwap ,ethereum,TBD
101,0x30234f2afe32693f291b3574d99a55b05840aa05,KS2_RT,0x7f39C581F595B53c5cb19bD0b3f8dA6c935E2Ca0,wsteth,1.0,KyberSwap ,ethereum,TBD
102,0xe6bcb55f45af6a2895fadbd644ced981bfa825cb,KS2_RT,0x7f39C581F595B53c5cb19bD0b3f8dA6c935E2Ca0,wsteth,1.0,KyberSwap ,ethereum,TBD
103,0xc5d2FCd426A648b2caBF14AaBaFc9a87801D4B40,KS2_RT,0x7f39C581F595B53c5cb19bD0b3f8dA6c935E2Ca0,wsteth,1.0,KyberSwap ,ethereum,TBD
104,0x968aAc34cC8F607d2D34e138737a219229aBdc83,pwstETH,0x7f39C581F595B53c5cb19bD0b3f8dA6c935E2Ca0,wsteth,1.0,ParaSwap,ethereum,TBD
105,0x4F9a4CFc6ADe66C605658a4a5accFA24E8DEB965,vDebtstETH,0xae7ab96520de3a18e5e111b5eaab095312d7fe84,steth,1.0,paraSwap,ethereum,TBD
106,0x4Dbe3f01aBe271D3E65432c74851625a8c30Aa7B,vaSTETH,0xae7ab96520de3a18e5e111b5eaab095312d7fe84,steth,1.0,Vesper,ethereum,TBD
107,0x8aD7e0e6EDc61bC48ca0DD07f9021c249044eD30,rethwsteth_f_gauge,0x447ddd4960d9fdbf6af9a790560d0af76795cb08,rethwsteth_f,2.0,curve,ethereum,TBD
108,0x4d9f9D15101EEC665F77210cB999639f760F831E,st_frxETH_f,0xae7ab96520de3a18e5e111b5eaab095312d7fe84,steth,1.0,curve,ethereum,TBD
109,0x821529Bb07c83803C9CC7763e5974386e9eFEdC7,st_frxETH_f_gauge,0x4d9f9D15101EEC665F77210cB999639f760F831E,st_frxETH_f,2.0,curve,ethereum,TBD
110,0x988f2B03Aea264378518B7235d08c6cB2583AAA4,29WBTC_4wstETH_67TRAC,0x7f39C581F595B53c5cb19bD0b3f8dA6c935E2Ca0,wsteth,1.0,Balancer,ethereum,TBD
111,0xE0fCBf4d98F0aD982DB260f86cf28b49845403C5,wstETH_bb_a_WETH_BPT,0x7f39C581F595B53c5cb19bD0b3f8dA6c935E2Ca0,wsteth,1.0,Balancer,ethereum,TBD
112,0x73f46FB9eB36E5cEFcc2063224a014637221e5a9,Respawn Staked Eth (ReStEth),0xae7ab96520de3a18e5e111b5eaab095312d7fe84,steth,1.0,cat_in_a_box,ethereum,TBD
113,0xA0D3707c569ff8C87FA923d3823eC5D81c98Be78,iETHv2,0xae7ab96520de3a18e5e111b5eaab095312d7fe84,steth,1.0,Instadapp ETH v2,ethereum,TBD
114,0x8E024f875f6fDdf1471582bed8504F46CB64487E,MLP268,0x7f39C581F595B53c5cb19bD0b3f8dA6c935E2Ca0,wsteth,1.0,Mellow,ethereum,TBD
115,0xBB00101b19c0b1511730aCa582fBCC3c25fE9e9e,pstETH,0xae7ab96520de3a18e5e111b5eaab095312d7fe84,steth,1.0,paraspace,ethereum,TBD
116,0xC374f7eC85F8C7DE3207a10bB1978bA104bdA3B2,PENDLE_LPT,0xae7ab96520de3a18e5e111b5eaab095312d7fe84,steth,1.0,Pendle,ethereum,TBD
117,0xcbC72d92b2dc8187414F6734718563898740C0BC,SY_stETH,0xae7ab96520de3a18e5e111b5eaab095312d7fe84,steth,1.0,Pendle,ethereum,TBD
118,0x8267fdabd1b8C8645138f2dE5B0fe24988DC9820,SY_wstETH_WETH_BalancerLP Aura,0x32296969Ef14EB0c6d29669C550D4a0449130230,b_steth_stable,3.0,Pendle,ethereum,TBD
119,0xcf44E8402a99Db82d2AccCC4d9354657Be2121Db,PT_stETH_30MAR2023,0xae7ab96520de3a18e5e111b5eaab095312d7fe84,steth,1.0,Pendle,ethereum,TBD
120,0xA53ad7E3A87546CCa450992d54d517c3C939c2BF,YT_stETH_30MAR2023,0xae7ab96520de3a18e5e111b5eaab095312d7fe84,steth,1.0,Pendle,ethereum,TBD
121,0xb3b61D1587C05eADEC579b616c45939F19435703,PT_stETH_29JUN2023,0xae7ab96520de3a18e5e111b5eaab095312d7fe84,steth,1.0,Pendle,ethereum,TBD
122,0x0D459a3287Afec25c0580691e9944d65fEaBb155,YT_stETH_29JUN2023,0xae7ab96520de3a18e5e111b5eaab095312d7fe84,steth,1.0,Pendle,ethereum,TBD
123,0xf6A865c4B9b087fFDd1e0DF8b5Dbb89Ee3546f49,PT_wstETH_WETH_BalancerLP Aura_27JUN2024,0x207893b97246481839D97E9dBFEe6672071f1697,auraB-stETH-STABLE,3.0,Pendle,ethereum,TBD
124,0x37fEc7b2f36f3bbAe956262F46ddF21830fa68ef,YT wstETH_WETH_BalancerLP Aura 27JUN2024,0x207893b97246481839D97E9dBFEe6672071f1697,auraB-stETH-STABLE,3.0,Pendle,ethereum,TBD
125,0x7758896b6AC966BbABcf143eFA963030f17D3EdF,PT_stETH_26DEC2024,0xae7ab96520de3a18e5e111b5eaab095312d7fe84,steth,1.0,Pendle,ethereum,TBD
126,0xc3863CCcd012f8E45D72Ec87c5A9C4F77e1C7549,YT_stETH_26DEC2024,0xae7ab96520de3a18e5e111b5eaab095312d7fe84,steth,1.0,Pendle,ethereum,TBD
127,0xf99985822fb361117FCf3768D34a6353E6022F5F,PT_stETH_25DEC2025,0xae7ab96520de3a18e5e111b5eaab095312d7fe84,steth,1.0,Pendle,ethereum,TBD
128,0xf3aBC972A0f537c1119C990d422463b93227Cd83,YT_stETH_25DEC2025,0xae7ab96520de3a18e5e111b5eaab095312d7fe84,steth,1.0,Pendle,ethereum,TBD
129,0x9eC4c502D989F04FfA9312C9D6E3F872EC91A0F9,PENDLE_LPT,0xae7ab96520de3a18e5e111b5eaab095312d7fe84,steth,1.0,Pendle,ethereum,TBD
130,0xbC6B6c837560D1fE317eBb54E105C89f303d5AFd,iWSTETH,0x7f39C581F595B53c5cb19bD0b3f8dA6c935E2Ca0,wsteth,1.0,iron_bank,ethereum,TBD
131,0x5cc2C42BB9Ff433eEe306FfCe898C2de7866A0cd,bnwstETH,0x7f39C581F595B53c5cb19bD0b3f8dA6c935E2Ca0,wsteth,1.0,Bancor,ethereum,TBD
132,0x21E27a5E5513D6e65C4f830167390997aA84843a,stETH-ng-f,0xae7ab96520de3a18e5e111b5eaab095312d7fe84,steth,1.0,curve,ethereum,TBD
133,0x79F21BC30632cd40d2aF8134B469a0EB4C9574AA,stETH-ng-f-gauge,0x21E27a5E5513D6e65C4f830167390997aA84843a,stETH-ng-f,2.0,curve,ethereum,TBD
134,0x1b74fa5951dfa4c03D0127011548fA79b956f63B,cvxstETH-ng-f,0x21E27a5E5513D6e65C4f830167390997aA84843a,stETH-ng-f,3.0,convex,ethereum,TBD
135,0x12B54025C112Aa61fAce2CDB7118740875A566E9,spwsteth,0x7f39C581F595B53c5cb19bD0b3f8dA6c935E2Ca0,wsteth,1.0,spark,ethereum,TBD
136,0x79F21BC30632cd40d2aF8134B469a0EB4C9574AA,stETH-ng-f_gauge,0x21E27a5E5513D6e65C4f830167390997aA84843a,stETH-ng-f,2.0,curve,ethereum,TBD
137,0x29488df9253171AcD0a0598FDdA92C5F6E767a38,wstETH_bb_a_WETH_BPT_gauge,0xE0fCBf4d98F0aD982DB260f86cf28b49845403C5,wstETH_bb_a_WETH_BPT,2.0,Balancer,ethereum,TBD
138,0x42ED016F826165C2e5976fe5bC3df540C5aD0Af7,wstETH-rETH-sfrxETH-BPT,0x7f39C581F595B53c5cb19bD0b3f8dA6c935E2Ca0,wsteth,1.0,Balancer,ethereum,TBD
139,0x0021e01B9fAb840567a8291b864fF783894EabC6,wstETH-rETH-sfrxETH-BPT_gauge,0x42ED016F826165C2e5976fe5bC3df540C5aD0Af7,wstETH-rETH-sfrxETH-BPT,2.0,Balancer,ethereum,TBD
140,0xdfE6e7e18f6Cc65FA13C8D8966013d4FdA74b6ba,ankrETH_wstETH,0x7f39C581F595B53c5cb19bD0b3f8dA6c935E2Ca0,wsteth,1.0,Balancer,ethereum,TBD
141,0xbf65b3fA6c208762eD74e82d4AEfCDDfd0323648,ankrETH_wstETH_gauge,0xdfE6e7e18f6Cc65FA13C8D8966013d4FdA74b6ba,ankrETH_wstETH,2.0,Balancer,ethereum,TBD
142,0xf7b0751fea697cf1a541a5f57d11058a8fb794ee,TBD,TBD,TBD,TBD,TBD,TBD,TBD
