address,namespace,category,blockchain
0x7b7f0e4ed559b2394ea8265ec1fc2f1f8112945a,gnosis_safe,multisig,ethereum
0x8b3f33234abd88493c0cd28de33d583b70bede35,lido_dao_insurance_fund,insurance,ethereum
0x997d1ed51ff7389883913311810176cbdbd5d1d5,gnosis_safe,multisig,ethereum
0x1da05bce1edd2369cddcb35e747859ef6a675010,gnosis_safe,multisig,ethereum
0x8cc2af700d686e7e21135681511992c972dbd8ea,instadapp,defi_aggr,ethereum
0x5add8a02141bf53a7c5bc6ad5483ca17552e9c52,gnosis_safe,multisig,ethereum
0x82d24dd5041a3eb942cca68b319f1fda9eb0c604,asymetrix,yield,ethereum
0xcde525bd723090284ee2f958c729d83cf117aff9,TBD,TBD,TBD
0x0632dcc37b1fabf2cad20538a5390d23c830962e,request_network,multisig,ethereum
0xac665a44d46194eb9826d6f93fb5cc93bc2654b4,proxy_multisig,multisig,ethereum
0x7be29fddb841584468fd5dc15bb7ab0b45a2bf4f,proxy_multisig,multisig,ethereum
0x5f34c530ffcc091bfb7228b20892612f79361c34,nexo,treasury,ethereum
0x57823baebaa86724839902e0d8efab7e0cfb31b0,gnosis_safe,multisig,ethereum
0x75a03ec24bf95f68a749d833a2efde50db7a6192,proxy_multisig,multisig,ethereum
0xe8bfdf8f47b35418c73af2a2bc4d0d12488e93c5,proxy_multisig,multisig,ethereum
0x8ee03eea321b87d7ee8e9e25220ab056afe3cd6a,guildFi,multisig,ethereum
0x570154c8c9f8cb35dc454f1cde33dc8fe30ecd63,gnosis_safe,multisig,ethereum
0x9d94ef33e7f8087117f85b3ff7b1d8f27e4053d5,proxy_multisig,multisig,ethereum
0x4d9629e80118082b939e3d59e69c82a2ec08b4d5,tribe_redeemer,?others,ethereum
0x86fb84e92c1eedc245987d28a42e123202bd6701,enzyme_finance,defi_aggr,ethereum
0xf554e20a695ea338a126a3a7b5870f1f67253b01,TBD,TBD,TBD
0xb1a32fc9f9d8b2cf86c068cae13108809547ef71,TBD,TBD,TBD
0x21e27a5e5513d6e65c4f830167390997aa84843a,curve_steth_ng_f,liquidity_pool,ethereum
0x120fa5738751b275aed7f7b46b98beb38679e093,yearn,yield,ethereum
0xcafea112db32436c2390f5ec988f3adb96870627,nexus_mutual,insurance,ethereum
0x3e40d73eb977dc6a537af587d48316fee66e9c8c,lido_treasury,lido_treasury,ethereum
0x43dffbf34c06eaf9cd1f9b4c6848b0f1891434b3,nexo,treasury,ethereum
0xfb633f47a84a1450ee0413f2c32dc1772ccaea3e,aragon_tresaury,treasury,ethereum
0xb671e841a8e6db528358ed385983892552ef422f,gnosis_safe,multisig,ethereum
0x93c4b944d05dfe6df7645a86cd2206016c51564d,eigenlayer,restaking,ethereum
0xdc24316b9ae028f1497c275eb9192a3ea0f67022,curve,liquidity_pool,ethereum
0x97de57ec338ab5d51557da3434828c5dbfada371,lybra_eusd,lending,ethereum
0x1982b2f5814301d4e9a8b0201555376e62f82428,aave_v2,lending,ethereum
0x7f39c581f595b53c5cb19bd0b3f8da6c935e2ca0,lido:wsteth,lido:token,ethereum
0x88ad09518695c6c3712ac10a214be5109a655671,gnosis_chain,bridge,ethereum
0x40ec5b33f54e0e8a33a975908c5ba1c14e5bbbdf,polygon_bridge,bridge,ethereum
0x40ec5b33f54e0e8a33a975908c5ba1c14e5bbbdf,polygon_bridge,bridge,ethereum
0xc0eea24d1bee9a053946da071b33cbea761acaa9,gnosis_safe,multisig,ethereum
0xbc33a1f908612640f2849b56b67a4de4d179c151,multisigwallet,multisig,ethereum
0x849d52316331967b6ff1198e5e32a0eb168d039d,gnosis_safe,treasury,ethereum
0x849d52316331967b6ff1198e5e32a0eb168d039d,gnosis_safe,treasury,ethereum
0xba12222222228d8ba445958a75a0704d566bf2c8,balancer_v2,liquidity_pool,polygon
0xba12222222228d8ba445958a75a0704d566bf2c8,balancer_v2,liquidity_pool,arbitrum
0xba12222222228d8ba445958a75a0704d566bf2c8,balancer_v2,liquidity_pool,ethereum
0xba12222222228d8ba445958a75a0704d566bf2c8,balancer_v2,liquidity_pool,polygon
0xba12222222228d8ba445958a75a0704d566bf2c8,balancer_v2,liquidity_pool,arbitrum
0xba12222222228d8ba445958a75a0704d566bf2c8,balancer_v2,liquidity_pool,ethereum
0xcbc72d92b2dc8187414f6734718563898740c0bc,pendle,yield,ethereum
0x109830a1aaad605bbf02a9dfa7b0b92ec2fb7daa,uniswap_v3,liquidity_pool,ethereum
0xa17581a9e3356d9a858b789d68b4d866e593ae94,compound_v3,lending,ethereum
0x5f59b322eb3e16a0c78846195af1f588b77403fc,raft,lending,ethereum
0x4353e2df4e3444e97e20b2bda165bdd9a23913ab,gnosis_safe,multisig,ethereum
0x78605df79524164911c144801f41e9811b7db73d,mantle_dao,treasury,ethereum
0x37417b2238aa52d0dd2d6252d989e728e8f706e4,llamma_crvusd_amm,lending,ethereum
0x76943c0d61395d8f2edf9060e1533529cae05de6,optimism l1,bridge,ethereum
0x0f25c1dc2a9922304f2eac71dca9b07e310e8e5a,arbitrum l1,bridge,ethereum
0x12b54025c112aa61face2cdb7118740875a566e9,spark,lending,ethereum
0x10cd5fbe1b404b7e19ef964b63939907bdaf42e2,maker,lending ,ethereum
0x0b925ed163218f6662a35e0f0371ac234f9e9371,aave_v3,lending ,ethereum
0x248ccbf4864221fc0e840f29bb042ad5bfc89b5c,maker,lending,ethereum
0xf147b8125d2ef93fb6965db97d6746952a133934,yearn,yield,ethereum
0x989aeb4d175e16225e39e87d0d97a3360524ad80,convex,yield,ethereum
0xf668e6d326945d499e5b35e7cd2e82acfbcfe6f0,curve_stetheth_c_f_gauge,gauge,ethereum
0xddfc583f4b73960ffd43ce66bbe0d543466c47a1,gnosis_safe,multisig,ethereum
0xc393fa98109b91fb8c5043d36abaad061e68a4f2,gnosis_safe,multisig,ethereum
0x82e90eb7034c1df646bd06afb9e67281aab5ed28,mai_finance,lending,ethereum
0xd96f48665a1410c0cd669a88898eca36b9fc2cce,abracadabra,lending,ethereum
0x93a62da5a14c80f265dabc077fcee437b1a0efde,yearn,yield,ethereum
0xabea9132b05a70803a4e85094fd0e1800777fbef,zksync,bridge,ethereum
0xf9fdc2b5f60355a237deb8bd62cc117b1c907f7b,yearn,yield,ethereum
0x8ad7e0e6edc61bc48ca0dd07f9021c249044ed30,curve,liquidity_pool,ethereum
0x963c94e660acc8fb3d4314b95003450426b903da,2p2.org,others,ethereum
0x1a8c730c2ad5faab9fe0d7ee5bfd750e044a111d,instadapp,defi_aggr,ethereum
0x9ca173d2e4b4246b8cc9d7ee331678e638c386b4,TBD,TBD,TBD
0xb3d8cca14f249cf68e5272c1e7623bfecc705591,instadapp,defi_aggr,ethereum
0x9b10a954b7a14ae7e12e472036e545f8576b7531,TBD,TBD,TBD
0x47e1a7079ca2c1056536c60fd1d4f19638e712db,TBD,TBD,TBD
0x2756bb9746af8355f85394c5d034897ba2635e0c,instadapp,defi_aggr,ethereum
0x9a443ef0eeae228aaaef0df8b96ead1154bcc9c0,instadapp,defi_aggr,ethereum
0xab4c505e70b9abed3527911b42d72611a604abb5,gnosis_safe,multisig,ethereum
0x46e4f1ec613faa131722fe26234b892f0a7e81fc,proxy_multisig,multisig,ethereum
0x0cd420966fce68bad79cd82c9a360636cf898c1e,instadapp,defi_aggr,ethereum
0x74b8c7680502931c33d9446e26592b8318eb7248,instadapp,defi_aggr,ethereum
0xd19e46692b687ff54c941cd0e0e2883259c7e01e,0xnox.eth,others,ethereum
0x789268fa8b0704aff44ace685703ad81759030b3,gnosis_safe,multisig,ethereum
0xd04d6040caaae35fcb30ffa91f9d89751e078c4f,instadapp,defi_aggr,ethereum
0xa45420a6f2bb98406b6c6a5cc1670b7c92407e2b,instadapp,defi_aggr,ethereum
0x79c0230b1772ac789cb443e1a23cd725b31bad42,gnosis_safe,multisig,ethereum
0x10124bda2119db4802905a889c0d46a0c4af26ea,gnosis_safe,multisig,ethereum
0x10124bda2119db4802905a889c0d46a0c4af26ea,gnosis_safe,multisig,ethereum
0x72146a3ead3a256e8a2189e3cedc0b7bd61991ed,TBD,TBD,TBD
0x94269a09c5fcbd5e88f9df13741997bc11735a9c,instadapp,defi_aggr,ethereum
0x64a53b849072a4d778cec579396e279f299b0bec,cian,strategy,ethereum
0xef001a0d62d43ccab7ac9c461f538e707a9edbf2,instadapp,defi_aggr,ethereum
0x7c07f7abe10ce8e33dc6c5ad68fe033085256a84,index_protocol,yield,ethereum
0xa976ea51b9ba3232706af125a92e32788dc08ddc,proxy,multisig,ethereum
0x777777c9898d384f785ee44acfe945efdff5f3e0,morpho_aave_v2,yield,ethereum
0x0d152ff760c1eae784972b31f01bcd92f5818f5c,compound,lending,ethereum
0x9e7234576a395a6b043fe994724f3ea0d48f5524,gnosis_safe,multisig,ethereum
0x74b3691ebc3fb083e36065a1986d6c490b13e95a,instadapp,defi_aggr,ethereum
0x74b3691ebc3fb083e36065a1986d6c490b13e95a,instadapp,defi_aggr,ethereum
0xd732837b561a40d28ea74970558bc73cc9c13e0c,TBD,TBD,TBD
0x6451878ebd7dd53250c800bba2edfe6941e81d29,instadapp,defi_aggr,ethereum
0x6967c9a1a6e7057cefb79cbb5bc23b234ae6cf3a,unknown3,others,ethereum
0x9b33dd59fa401374f9213d591d0319a9d7e9d2cb,gnosis_safe,multisig,ethereum
0xe6253ef9b67f6ecd0202ad1f90f25a13282932ff,others,others,ethereum
0xf48aeffdb19be3753c3185088c869a95db5a3edc,unknown4,others,ethereum
0xd9134681c2c1b77c0422a7969f6a6ff95a4552a7,others,others,ethereum
0x5602d3237af32e50b10b7228335cc2e27c4c120f,gnosis_safe,multisig,ethereum
0x310a2c115d3d45a89b59640fff859be0f54a08e2,TBD,TBD,TBD
0xc38d57e5e4e74ea1cb8b6cd93791ddd5493affe5,TBD,TBD,TBD
0xadcefc0a2b2b480adff7f9ec11443792c31ebb29,TBD,TBD,TBD
0xc4f1e164713aed18546fdde94c04712de3bce690,unknown7,others,ethereum
0x840cffa2a3a6f56eb2f205a06748a8284b683355,unknown15,others,ethereum
0xeda61b1e9f414889dde0dbe83b3bacf814a98e87,proxy_multisig,multisig,ethereum
0x130b261da8c75ed5103625577abdef1d0421a161,instadapp,defi_aggr,ethereum
0xaa2781c77246875b9bf40315bbef62da49f83250,TBD,TBD,TBD
0x2f606b9562e313f93891956b08be8aca3a750d9d,TBD,TBD,TBD
0xb8ec7c6483444572a486e22dd8f875bb26e14472,instadapp,defi_aggr,ethereum
0x008f9cf207a5b0f69c759f5eb0548db102a8cdac,TBD,TBD,TBD
0xb77f7c90437a6d9871a4ce4f48698a9e2dcd56be,TBD,TBD,TBD
0xcf05eadfdb008c106a56680aa3cf656801972401,unknown9,others,ethereum
0xcb84be8e49db5e35d1da62a1070847b914f4cd68,gnosis_safe,multisig,ethereum
0x2a8b9ebc6b62e09f3b2b896bb004533bb4bfcb40,unknown10,others,ethereum
0xcdb238d68d8da74487711bc1f8f13f3d00667d1a,TBD,TBD,TBD
0x3fd49a8f37e2349a29ea701b56f10f03b08f1532,TBD,TBD,TBD
0x28ec41b848c4a62a37a3054a69d2f76cc8e9677b,instadapp,defi_aggr,ethereum
0x45533541aac25030b5d438e37cec18e73b545310,unknown11,others,ethereum
0x60ee8465dc43245c6c2989b1089e476d3a0a717d,instadapp,defi_aggr,ethereum
0x69580cd3327f22150e79cff8f70059ac56500198,unknown18,others,ethereum
0x9cb7e19861665366011899d74e75d4f2a419aeed,TBD,TBD,TBD
0x67701c4f8ceafb5af4cf95cd9b91281a47aaeccf,TBD,TBD,TBD
0x7902d79ada34e3cb32a3faa5496334a004589925,gnosis_safe,multisig,ethereum
0x19253228af13d221b8dd58fc24d63df63201401a,instadapp,defi_aggr,ethereum
0x19253228af13d221b8dd58fc24d63df63201401a,instadapp,defi_aggr,ethereum
0x9600a48ed0f931d0c422d574e3275a90d8b22745,instadapp,defi_aggr,ethereum
0x33333aea097c193e66081e930c33020272b33333,unknown12,others,ethereum
0x34aacf00a25d7a871d77dbe0eae6ad448b58a91c,instadapp,defi_aggr,ethereum
0xb33af361843357e05b6df3e45ae3b5cec8e01137,TBD,TBD,TBD
0x4c422508fac7e16655d40fda0d158fe997df43f6,others,others,ethereum
0x2751c7e2ccfe054228027662bd64f33434c7ba53,instadapp,defi_aggr,ethereum
0x398b545fb12916c1d04a62ce5689be69fa38f228,instadapp,defi_aggr,ethereum
0xcd60478d36b6b60dda524c4c67a68e8896882b38,instadapp,defi_aggr,ethereum
0x1e899d5e09e4dcbc037718046214b4745cec99a8,argent,proxy,ethereum
0xd2dc4192737340b4f773ca60771b2b70c032c674,gnosis_safe,multisig,ethereum
0x6011436690a085d35d8d90ae417cbaf3767c0fca,gnosis_safe,multisig,ethereum
0x685b819e649269fb362019d22a06517e2757c8f5,gnosis_safe,multisig,ethereum
0x4e079dca26a4fe2586928c1319b20b1bf9f9be72,ribbon_v2,gauge,ethereum
0xce5513474e077f5336cf1b33c1347fdd8d48ae8c,ribbon_earn,yield,ethereum
0xfea5e213bbd81a8a94d0e1edb09dbd7ceab61e1c,stakeDAO,yield,ethereum
0xcc61ee649a95f2e2f0830838681f839bdb7cb823,stakedao,yield,ethereum
0xa57b8d98dae62b26ec3bcc4a365338157060b234,aura,yield,ethereum
0xa57b8d98dae62b26ec3bcc4a365338157060b234,aura,yield,ethereum
0xa57b8d98dae62b26ec3bcc4a365338157060b234,aura,yield,ethereum
0xa57b8d98dae62b26ec3bcc4a365338157060b234,aura,yield,ethereum
0xcd4722b7c24c29e0413bdcd9e51404b4539d14ae,balancer_v2,gauge,ethereum
0xd973e86547e810117db131b94708f429a463535e,balancer_v2,gauge,ethereum
0xf7b0751fea697cf1a541a5f57d11058a8fb794ee,TBD,TBD,TBD
0x9008d19f58aabd9ed0d60971565aa8510560ab41,cow_protocol,others,ethereum
0xc2c2304e163e1ab53de2eeb08820a0b592bec20b,balancer_v2,liquidity_pool,ethereum
0x84273bba41cd0ec99f59b5b4c85783cf514e4e1a,euler,lending,ethereum
0xcec2981d8047c401f2a4e972a7e5ada3f5ecf838,euler,lending,ethereum
0xcec2981d8047c401f2a4e972a7e5ada3f5ecf838,euler,lending,ethereum
0x22c5cf8fc9891f8ef5a5e8630b95115018a09736,euler,lending,ethereum
0x15e27d72a6e95318e6b0e5e4a42b3b6ca22f09a7,euler,lending,ethereum
0x488fb8371ad8b20e39e3ce99d267e26c171b7d10,gnosis_safe,multisig,ethereum
0xa357af9430e4504419a7a05e217d4a490ecec6fa,idle,liquidity_pool,ethereum
0xd7c1b48877a7dfa7d51cf1144c89c0a3f134f935,idle,others,ethereum
0xfa8e3886920548dfa541709597083e30af7e1045,gnosis_safe,multisig,ethereum
0xe6bcb55f45af6a2895fadbd644ced981bfa825cb,kyberswap,liquidity_pool,ethereum
0xc5d2fcd426a648b2cabf14aabafc9a87801d4b40,kyberswap,liquidity_pool,ethereum
0xf6a7849c24d0392bc0af6dc4ccfc745073ccc539,instadapp,defi_aggr,ethereum
0x8f157b9a0cc30c4d5d677984ca778b3ac08896c4,TBD,TBD,TBD
0x65736a137cd4629454bb0226704deec0aef5aded,proxy_multisig,multisig,ethereum
0x4e7e7fcf2e0d25e4a4f008d0184ef614f1803227,gnosis_safe,multisig,ethereum
0x1ed5b46a8c708425308bcf3239ff1a57e7cacd09,gnosis_safe,multisig,ethereum
0x8e0a8a5c1e5b3ac0670ea5a613bb15724d51fc37,idle,liquidity_pool,ethereum
0xf6539bb5e98ff9c5fca222225263a883d709cdd4,instadapp,defi_aggr,ethereum
0x64627901dadb46ed7f275fd4fc87d086cff1e6e3,equilibria,yield,ethereum
0xc3863cccd012f8e45d72ec87c5a9c4f77e1c7549,pendle,yield,ethereum
0x34280882267ffa6383b363e278b027be083bbe3b,pendle,yield,ethereum
0xf3abc972a0f537c1119c990d422463b93227cd83,pendle,yield,ethereum
0xd0354d4e7bcf345fb117cabe41acadb724eccca2,pendle,yield,ethereum
0xc374f7ec85f8c7de3207a10bb1978ba104bda3b2,pendle,yield,ethereum
0x37fec7b2f36f3bbae956262f46ddf21830fa68ef,pendle,yield,ethereum
0x98bbd32a65693356f95d777080fb8eb830389288,gnosis_safe,multisig,ethereum
0x19157d43d5f8d6b6c5082be53f05fb35f390a3dd,gnosis_safe,multisig,ethereum
0xe979438b331b28d3246f8444b74cab0f874b40e8,proxy,multisig,ethereum
0xdafca7a5e3b67b8f36c1fdd7691ed85bbb54cc18,gnosis_safe,multisig,ethereum
0x6e799758cee75dae3d84e09d40dc416ecf713652,unknown13,others,ethereum
0xc4df03bd399459d509c4835a368f5f201942b9fd,TBD,TBD,TBD
0xd0bf01f01eda5de2f90d3927796c31c7cf9db809,instadapp,defi_aggr,ethereum
0xea8d287e23f1e005fa8bd3c9d1efae2c726db9a4,proxy_multisig,multisig,ethereum
0xa2e3a2ca689c00f08f34b62ccc73b1477ef1f658,gnosis_safe,multisig,ethereum
0x8e884c724edded0bb4fc659b96511a48d8f1c39d,instadapp,defi_aggr,ethereum
0x2ecc4af585516b41a23e0068ac88674563561027,gnosis_safe,multisig,ethereum
0x8b4334d4812c530574bd4f2763fcd22de94a969b,tokemak,treasury,ethereum
0xddbe747d357f0678193efc36a1ae20a2a55d01b4,uniswap_v3,liquidity_pool,arbitrum
0x06a0ccfb89e9b2814afca6637c22ed83909739ee,green.eth,others,ethereum
0xb61953961b63182e9b724d0a45178af0cc99176f,gammax_exchange_treasury,treasury,ethereum
0x6215daea5b3e266f841fad9b2566c5d00a6d2dcc,proxy_multisig,multisig,ethereum
0x447ddd4960d9fdbf6af9a790560d0af76795cb08,curve,liquidity_pool,ethereum
0xc037af4cc87a7f736f3e05c5b8347576c8ebb79a,gnosis_safe,multisig,ethereum
0xab502a6fb9b9984341e77716b36484ac13dddc62,gnosis_safe,multisig,ethereum
0x0697b0a2cbb1f947f51a9845b715e9eab3f89b4f,tempus_sers,yield,ethereum
0x08df64083cb978c8c1aa3c8772c600f9a6ee243d,gnosis_safe,multisig,ethereum
0x889edc2edab5f40e902b864ad4d7ade8e412f9b1,lido:withdrawal_queue,unstaking,ethereum
0x4854ad1555d475c5c0d66589eb246fbe672129b3,uniswap_v3,liquidity_pool,arbitrum
0xb90b9b1f91a01ea22a182cd84c1e22222e39b415,curve,liquidity_pool,optimism
0x71780dc93d482809593e881f78ebbb409963e373,gearbox,lending,ethereum
0x463f9ed5e11764eb9029762011a03643603ad879,pods_finance,yield,ethereum
0xbfd291da8a403daaf7e5e9dc1ec0aceacd4848b9,dforce,lending,ethereum
0xc7599b60f05639f93d26e58d56d90c526a6e7575,gnosis_safe,multisig,ethereum
0x60cf9d61370d44ccf55289aebea33a072d9f93bd,gnosis_safe,multisig,ethereum
0xeaa7723633cf598e872d611f5ec50a45b65cbc72,gnosis_safe,multisig,ethereum
0xbb00101b19c0b1511730aca582fbcc3c25fe9e9e,para_space,lending,ethereum
0xef0881ec094552b2e128cf945ef17a6752b4ec5d,sushiSwap,liquidity_pool,ethereum
0x993defde3e6ef50610eb6d994823dc82565ad3ba,uniswap_v3,liquidity_pool,polygon
0x3ee18b2214aff97000d974cf647e7c347e8fa585,wormhole,bridge,ethereum
0x7a75e85d6d3f0b6d7363a5d7f23adc25101131e7,gnosis_safe,multisig,ethereum
0xd0895493c347f163bdb67c310af477db1d03f547,gnosis_safe,multisig,ethereum
0x4028daac072e492d34a3afdbef0ba7e35d8b55c4,uniswap_v2,liquidity_pool,ethereum
0xf825f87546424656444506bdde3ae5554e4be933,proxy_multisig,multisig,ethereum
0x78789651b58179b2d90af90c8e5b4f5e4a4182ce,proxy,others,ethereum
0x2b037456b95d37fb302ad361c2c0f50697ac37c9,beefy,yield,optimism
0xab08b0c9dadc343d3795dae5973925c3b6e39977,kyberswap,liquidity_pool,polygon
0x4f5717f1efdec78a960f08871903b394e7ea95ed,silo,lending,ethereum
0x798576f0b501a8eb61d914249676e3878584b2ee,proxy_multisig,multisig,ethereum
0xa4108aa1ec4967f8b52220a4f7e94a8201f2d906,gravity_bridge,bridge,ethereum
0x401f6c983ea34274ec46f84d70b31c151321188b,polygon_bridge,bridge,ethereum
0xca3280d18993ecc04a14d031ccc0a58a6d4f8a92,gearbox,lending,ethereum
0x5f411b4485741e5a437fcc1ef103fbeb461158ca,gnosis_safe,multisig,ethereum
0x1390047a78a029383d0adcc1adb5053b8fa3243f,gnosis_safe,multisig,ethereum
0x4afe1df6cc422b2da695a69da888c685704a975d,gnosis_safe,multisig,ethereum
0x852f3dfc3ab2dbf5984443dc780e174b31dfb184,argent,proxy,ethereum
0x4b3488123649e8a671097071a02da8537fe09a16,dforce,lending,optimism
0x7178f61694ba9109205b8d6f686282307625e62d,velodrome,liquidity_pool,optimism
0x6da98bde0068d10ddd11b468b197ea97d96f96bc,velodrome,liquidity_pool,optimism
0x7ad2c85e3092a3876a0b4b345df8c72fc6c9636f,argent,proxy,ethereum
0x498b990c15c31b41b19e3160b3767f513a8c0dbd,uniswap_v3,liquidity_pool,optimism
0xff1f2b4adb9df6fc8eafecdcbf96a2b351680455,aztec_v2,bridge,ethereum
0xda495f89606d907c20a5b3e64c1b29093bdc7041,gnosis_safe,multisig,ethereum
0xa39b956210116e6ebca0716235520342c260246b,gearbox,lending,ethereum
0xeb37e481050c18a9c86e669cd23cf672e4594339,gnosis_safe,multisig,ethereum
0xef13101c5bbd737cfb2bf00bbd38c626ad6952f7,paraswap_v5,liquidity_pool,ethereum
0x7f0a0c7149a46bf943ccd412da687144b49c6014,catinaboxcdp,lending,ethereum
0xc8fd1f1e059d97ec71ae566dd6ca788dc92f36af,pendle,yield,arbitrum
0x80c12d5b6cc494632bf11b03f09436c8b61cc5df,pendle,yield,arbitrum
0xbc70f52206c48f9b23cf280e341820ec7e45f6e5,gearbox,lending,ethereum
0xdf66b439dbf1bd3a92ad89b7aa008c48df9cf370,gearbox,lending,ethereum
0xf1104ef28d611fcca6ccb2a91c411ea0671b317b,gnosis_safe,multisig,ethereum
0x9a67f1940164d0318612b497e8e6038f902a00a4,keeperdao,treasury,ethereum
0xce4388465330a937929ad892657640fb1805da93,gamma,liquidity_pool,polygon
0xce4388465330a937929ad892657640fb1805da93,beefy,yield,polygon
0xce4388465330a937929ad892657640fb1805da93,beefy,yield,arbitrum
0x76d9a4076c086f77f4cdded72674d4b153cb4569,gnosis_safe,multisig,ethereum
0x8ef11fa9d66b1ad1c75a2d1b746358c3780e34f3,gnosis_safe,multisig,ethereum
0xc977cbadd359ae06b236d9581e37fd5a03e54b84,paragons_treasury,treasury,ethereum
0x6eb2dc694eb516b16dc9fbc678c60052bbdd7d80,curve,liquidity_pool,arbitrum
0xcafea35ce5a2fc4ced4464da4349f81a122fd12b,nexus_mutual,insurance,ethereum
0x613145675395c63863a52fe0c8cf141c0f07a8a1,gnosis_safe,multisig,ethereum
0x439cac149b935ae1d726569800972e1669d17094,idol,others,ethereum
0xfd527d8afbd049b3e307e27eeebb135552b2d81b,instadapp,defi_aggr,ethereum
0x680becbf3ae0a18a0fbcdbf4b7e60cf4560ad578,gnosis_safe,multisig,ethereum
0x1888fa9d58d19d1fe5532b63e5b3cef08158334e,argent,proxy,ethereum
0x0fa3433cd67b1c3d024d67c61aaa018b46456fe6,gnosis_safe,multisig,ethereum
0xfdd86a96f47015d9c457c841e1d52d06ede16a92,proxy_multisig,multisig,ethereum
0xb567fc49a209c8c892dbd6d5c118f0e25c96fcc1,gnosis_safe,multisig,ethereum
0x3bbdca01f54aada872216e2e5b3172f8bed0f755,unknown2,others,ethereum
0x27182842e098f60e3d576794a5bffb0777e025d3,euler,lending,ethereum
0xa978d807614c3bfb0f90bc282019b2898c617880,inverse_finance,lending,ethereum
0x044b48e46b0b7b8b639364cc90875a0f7d4537ec,proxy_multisig,multisig,ethereum
0x63f760734b6f6be77bbc82b723e56f85820df671,instadapp,defi_aggr,ethereum
0x1ee962529de8a386e5cc188fbbad9e0453edcfa0,argent,proxy,ethereum
0x51afdba5596474c3a0af60f5fb091226ac111e0c,gearbox,lending,ethereum
0x4bc42e9470199d8fdb831fdcb4db37c393a7b043,gearbox,lending,ethereum
0xeaf047adff888526210b95e2f1f9d10f5053574c,gnosis_safe,multisig,ethereum
0x45c4d1376943ab28802b995acffc04903eb5223f,balancer_v2,liquidity_pool,arbitrum
0xff69201019e25e3f8f3180fabdb58d60afed9a1d,uniswap_v3,liquidity_pool,polygon
0x7eaafd601977d0f1aae82e05461d23c0701bb6a5,gnosis_safe,multisig,ethereum
0x0dd3e7764081c3c0cd2d72cc09410c655cf7ff85,gnosis_safe,multisig,ethereum
0x0d459a3287afec25c0580691e9944d65feabb155,pendle,yield,ethereum
0x5364d336c2d2391717bd366b29b6f351842d7f82,yield_protocol,yield,ethereum
0xd00477fad8a68309d76f9f86af878884f1341350,uniswap_v3,liquidity_pool,arbitrum
0xebc498895382ddcbd247b2945ba116157d361134,argent,proxy,ethereum
0xd09f16830172e6073e8e5ee5053f35010f1c7d7a,proxy,multisig,ethereum
0x0eb1c92f9f5ec9d817968afddb4b46c564cdedbe,maverick,liquidity_pool,ethereum
0xc5c247580a4a6e4d3811c0da6215057aac480bac,velodrome,liquidity_pool,optimism
0x54cc80cc99fb7946e492cd8c306b645488e54905,gnosis_safe,multisig,ethereum
0x3a24fea1509e1baeb2d2a7c819a191aa441825ea,gnosis_safe,multisig,ethereum
0x4305bafe9ff70a0b1661605acc8c1b166ca06504,gnosis_safe,multisig,ethereum
0x73aaf8694ba137a7537e7ef544fcf5e2475f227b,angle_protocol,lending,ethereum
0x5d527c9641effeb3802f2ffafdd15a1b95e41c8c,maker?,lending,ethereum
0x33181b519cd503db862ab291fbe89e9f01083490,unknown8,others,ethereum
0x73fd92237dd006057a6e4cd81a98628069baedb5,gnosis_safe,multisig,ethereum
0x79c482d94475c3fba518905eed80f1982c6e1442,gnosis_safe,multisig,ethereum
0x0bc3807ec262cb779b38d65b38158acc3bfede10,nouns,treasury,ethereum
0x2b0024ecee0626e9cfb5f0195f69dcac5b759dc9,gravita,lending,ethereum
0x1a7450aacc67d90afb9e2c056229973354cc8987,granary,lending,optimism
0x77fe0c0caf38e39e49644170fa55274dfbb183a5,gnosis_safe,multisig,ethereum
0x3b640748d96c6ec3e0148d41a25a311042e5cd73,gnosis_safe,multisig,ethereum
0x21fb757c2d3a5c574e8721027c3d7a506d77b6b3,element finance,yield,ethereum
0x133dadace975ba195e3940bbf30f6f80ba90d5fb,gnosis_safe,multisig,ethereum
0x36bf227d6bac96e2ab1ebb5492ecec69c691943f,balancer_v2,liquidity_pool,arbitrum
0x9aea1545fa5093b7b0ee2526eb18a521f75004b9,gamma,liquidity_pool,polygon
0x3bd1b0fb2f0cb666faccdd0afb1f20e4b91ea660,gnosis_safe,multisig,ethereum
0x00e286b5256aa6cf252d5a8a5a7b8c20ec3bc4d5,gnosis_safe,multisig,ethereum
0x82562507429876486b60af4f32390ef0947b3d13,aave_v3,lending,ethereum
0x63b2f35c5d99fc5efedf6fc4661b27a5066d39ba,uniswap_v3,liquidity_pool,arbitrum
0xa66c4e1d716d4d5ee554d162a3d3e67bb4cec06c,proxy,others,ethereum
0xd39b35cf662721104ed1e7935c35e744a6ae9af1,argent,proxy,ethereum
0x42c248d137512907048021b30d9da17f48b5b7b2,radiant,lending,arbitrum
0x8a0e4afa935d795d5c537e4614976d1acbd4faa8,gnosis_safe,multisig,ethereum
0x9162b49919a70c3dcec6ad3bfa0feffb6d14aa5a,unknown17,others,ethereum
0x07a04253e22b919f0d540fa505bcd9fcc0ee6d20,gnosis_safe,multisig,ethereum
0xdc7b28976d6eb13082a5be7c66f9dcfe0115738f,proxy_multisig,multisig,ethereum
0x2efe014c76c458b2e88f29351db4de87336fc856,uniswap_v3,liquidity_pool,arbitrum
0x0b70a2653b6e7bf44a3c80683e9bd9b90489f92a,gnosis_safe,multisig,ethereum
0xb6e7871e7fd10b12153a6baaca3ae6eec53d1321,uniswap_v3,liquidity_pool,arbitrum
0x27be856e8b8d24220e53b933e29d46a477858ce7,gnosis_safe,multisig,ethereum
0x8b90ac446d4360332129e92f857a9d536db9d7c2,anyblock_analytics,others,ethereum
0xb9e66eae2b3b8e9fe201dd675f1f6f0f5aa02686,unknown14,others,ethereum
0x97893012fbe4ff00dfb18871e7dd7f6394711150,gnosis_safe,multisig,arbitrum
0x01a9502c11f411b494c62746d37e89d6f7078657,balancer_v2,gauge,ethereum
0xbe3de7fb9aa09b3fa931868fb49d5ba5fee2ebb1,vesta_finance,lending,arbitrum
0xa6b96e60648e11055e82f1b7b226a2aa453a29bb,uniswap_v3,liquidity_pool,polygon
0xd6a68f540a7afc36a93a5d6adf14bc8d18d7c5c7,gearbox,lending,ethereum
0xb140c83796795709b63b958924b17054dc2b8b0b,gnosis_safe,multisig,ethereum
0x5ee5ce2c352884aa7cc5bd6b5a1c1c9053a51c60,proxy,others,ethereum
0x6d855d3292d28c33e303eea52e31b906dd572ca9,others,others,ethereum
0xf9f4263d519d1b5d87ed871ed54328ea47c803cf,uniswap_v3,liquidity_pool,arbitrum
0x86eab3469a94b2cffafa8b6d384504c6c8dbe00f,gnosis_safe,multisig,ethereum
0xfd8aee8fcc10aac1897f8d5271d112810c79e022,pendle,yield,arbitrum
0xf59036caebea7dc4b86638dfa2e3c97da9fccd40,aave_v3,lending,polygon
0x3058b6269968bbd196072dfc0907c7b3baa2a36a,gnosis_safe,multisig,ethereum
0xf525da0b267550e9912968732dccec188dc81b90,district0x,multisig,ethereum
0x47b0d34bc548d5eaae8676086a71f42c1dfbba7c,argent,proxy,ethereum
0x5d22045daceab03b158031ecb7d9d06fad24609b,diversiFi,bridge,ethereum
0x3b899f9a0f2a54a1ca0c6aca96851f0414e97d6e,?jarvis,others,polygon
0xe76ffee8722c21b390eebe71b67d95602f58237f,unsh.eth:LSDVault,staking,ethereum
0x4f2083f5fbede34c2714affb3105539775f7fe64,gnosis_safe,multisig,ethereum
0x5f41fff9d70c734eb012f1a0a322980c1863aba4,gnosis_safe,multisig,ethereum
0x7f9d680b91c82ce9a47bae8ec81ac41533a6c24e,gnosis_safe,multisig,ethereum
0x307111465e4cedd89fa28b9768981b8768a3cabe,instadapp,defi_aggr,ethereum
0xe5bb0e559a74739ea2d8f8be2c3fae45159b0e68,gnosis_safe,multisig,ethereum
0xcd51df5142156bd92e7a9494dd2b9362f5078d64,attestant (bvi) limited,multisig,ethereum
0x02c6d994e13f71dc6d9b367e002a04f78d05a9ad,stakingpool,others,ethereum
0x44e569787ac2789867c775690a10307a3ce21839,unknown5,others,ethereum
0x04f6c85a1b00f6d9b75f91fd23835974cc07e65c,uniswap_v3,liquidity_pool,optimism
0xf0f266f7a481a15607b11d171760d96dcc16e4ed,gnosis_safe,multisig,ethereum
0xb871b4dcea2ffd77d77f13d1bede09868546e23b,gnosis_safe,multisig,ethereum
0x83462a462596ff1b1ba5bf76df4025e01b327f5f,gnosis_safe,multisig,ethereum
0x43c50d3ef219d319a0b4373575d87eda744cd2c4,proxy_multisig,multisig,ethereum
0x26aab17f27cd1c8d06a0ad8e4a1af8b1032171d5,sonne_finance,lending,optimism
0xd037ba33f15d4b50a9a471e5576709aa716a9378,kyber_multisig,multisig,ethereum
0xdab7bf309c630b6fe0206cb46729ecf6b116736d,argent,proxy,ethereum
0xeeb66a6fa8699051155462aeebfcc0e32094a649,proxy,others,ethereum
0x9df182535986c1c9917ff893a75bbaff4906dcc5,unknown,others,ethereum
0x9e240daf92dd0edf903def1ff1dd036ca447aaf7,maker?,lending,ethereum
0x6c7855a6a7a97f746e2b9e24b856a789ae0a67ac,gearbox,lending,ethereum
0x69881012ed610df5be5711edd70b50eb1ed2b8f2,gnosis_safe,multisig,ethereum
0x370404a2a57edfbeaf16dc8ef8e2d1b0a2a9da15,gamma,liquidity_pool,polygon
0x70a613ea53b71abcbd9b32eafb86362a31d5164c,gnosis_safe,multisig,ethereum
0x38c7d58601c0dedae623613671b13d514d1206a0,uniswap_v3,liquidity_pool,arbitrum
0x96d75fd3047a0c960d4f6b71b1176ab6955cf99b,gnosis_safe,multisig,polygon
0x51a80238b5738725128d3a3e06ab41c1d4c05c74,unsh.eth:lsdvault,staking,ethereum
0x0efccbb9e2c09ea29551879bd9da32362b32fc89,gnosis_safe,multisig,ethereum
0x1c9798db3773d30780ff6448e015e7775c1ae75b,gnosis_safe,multisig,ethereum
0xcc03032fbf096f14a2de8809c79d8b584151212b,mai_finance,lending,polygon
0x4d9f9d15101eec665f77210cb999639f760f831e,curve_st_frxETH_f,liquidity_pool,ethereum
0x23d3285bfe4fd42965a821f3aecf084f5bd40ef4,enzyme_finance,defi_aggr,ethereum
0x371889b65337a0992fd5a03494fff2d73359a8f6,gnosis_safe,multisig,ethereum
0xb6804dac8541c585f029f0bbddd6fe1bb2f4b51a,argent,proxy,ethereum
0xb415597e800fb64cc94aae2cef712d4ecccb2e91,gnosis_safe,proxy,optimism
0x34dcd573c5de4672c8248cd12a99f875ca112ad8,idle_v4,others,ethereum
0x0d212ad21be782a3656dda4fa74094ff454af2c7,uniswap_v3,liquidity_pool,polygon
0x1ca861c023b09efa4932d96f1b09de906ebbc4cd,gnosis_safe,multisig,ethereum
0x7b0eff0c991f0aa880481fdfa5624cb0bc9b10e1,lsdx_finance,liquidity_pool,ethereum
0x8137351530f9cd81c87eae9457a6caf9f910f000,gearbox,lending,ethereum
0x062bf725dc4cdf947aa79ca2aaccd4f385b13b5c,alchemix_v2,lending,ethereum
0xedf9e7dd50eac44000d0768de934b5c14962402a,gnosis_safe,multisig,ethereum
0x45050d6661b53f3cc97011c6beb60d8b158e8959,gnosis_safe,multisig,ethereum
0xcd91538b91b4ba7797d39a2f66e63810b50a33d0,arcx,others,ethereum
0x608e1e01ef072c15e5da7235ce793f4d24eca67b,eridian.eth,others,ethereum
0xe134e3fbe36c2d3f7cdd26265dd497f3586b2825,stardy,lending,ethereum
0x78e3984e1ab1c3eb560cbd5b42b635e1cd341bc2,gnosis_safe,multisig,ethereum
0x67959227cd09d25fa4e43baff0dca9e36e028cfc,gnosis_safe,multisig,ethereum
0x22799bd5769cf44b8de4adedcd899f14ea89f20d,argent,proxy,ethereum
0x4622df6fb2d9bee0dcdacf545acdb6a2b2f4f863,uniswap_v3,liquidity_pool,ethereum
0x89eb60faa4af132904748161aada014ecb89b213,?jarvis,others,polygon
0x674bdf20a0f284d710bc40872100128e2d66bd3f,loopring,bridge,ethereum
0x957b39cc8e93243985f505df8b61d83570bfe04f,proxy,others,ethereum
0x623f3dbc761b46f64ae7951700dd7724cb7d6075,balancer_v2,gauge,ethereum
0x63c1cfbbc2b5f1d54636520b9ef484afc3b1f912,gnosis_safe,multisig,ethereum
0x08a152834de126d2ef83d612ff36e4523fd0017f,pendle,yield,arbitrum
0x411ed4bd1918e60db5a1143d23ad7c1781fe9aac,gearbox,lending,ethereum
0x09883a34ed3bd28a25a59f9b8e0f7c605aeb716f,gnosis_safe,multisig,ethereum
0xa8a8c7c4894d2c81d661902ab2daf3d665f3c3ee,argent,proxy,ethereum
0x341c05c0e9b33c0e38d64de76516b2ce970bb3be,index_protocol,yield,ethereum
0x0451b41ec78f80b7c89f7a9d63446a3b31376a67,gnosis_safe,multisig,ethereum
0x44afd57daf3fd5294c5d09465d368cef5ed1f83e,argent,proxy,ethereum
0xad920e4870b3ff09d56261f571955990200b863e,gnosis_safe,multisig,ethereum
0xf397935a5ea8cfbcad18856ebb43a6edce79826c,gnosis_safe,multisig,ethereum
0x6ffd098e92b606b2947b89a08911c00ca06890fa,catinaboxcdp,lending,ethereum
0x4c6bf87b7fc1c8db85877151c6ede38ed27c34f6,metronome,lending,optimism
0x7b50775383d3d6f0215a8f290f2c9e2eebbeceb2,beethoven,liquidity_pool,optimism
0xefd92ea2fbce879b9d097928b70d9b1416853048,gnosis_safe,multisig,ethereum
0x320bb75737cb8542667eff69e9cbfff9bd8969d6,gnosis_safe,multisig,ethereum
0xfb2cb5570cb0e1305d01269cf7e1036c3a601a85,proxy,others,ethereum
0x57ed1ed84461bb2079f8575d06a6fec07f0a13b1,gearbox,lending,ethereum
0xb5b29320d2dde5ba5bafa1ebcd270052070483ec,real_yield,yield,ethereum
0xebfe63ba0264ad639b3c41d2bfe1ad708f683bc8,kyber,liquidity_pool,ethereum
0xd340b57aacdd10f96fc1cf10e15921936f41e29c,uniswap_v3,liquidity_pool,ethereum
0x3e0433cde2c58f5c07d22ed506e72ae8c7a97b34,argent,proxy,ethereum
0x6abfd6139c7c3cc270ee2ce132e309f59caaf6a2,morpho,yield,ethereum
0x78e99ed484605ba66ca9804b0b6fe700242c85bc,gnosis_safe,multisig,ethereum
0xd4578d7c4f1ea95dca09c9b5bb92e1b980a78c86,gnosis_safe,multisig,ethereum
0x91bca6cbc144c2fd843534523eaa5e34686a9b19,gamma,liquidity_pool,polygon
0x0cf9652b7f00b4032e8ea4627cdf792cc37c72d7,gnosis_safe,multisig,ethereum
0x11986f428b22c011082820825ca29b21a3c11295,sipher,multisig,ethereum
0x02944e3fb72aa13095d7cebd8389fc74bec8e48e,gnosis_safe,multisig,arbitrum
0xb577cc8aa76d3607067934fd6477f0a392194a83,gnosis_safe,multisig,ethereum
0xd8cbfb514d0a3d09b8423477e5627bc78589abd4,proxy,others,ethereum
0xfd3cf28e4a3f140fa8efd5e72f8399facb443d05,hedgeysanta,others,ethereum
0x5201f6482eea49c90fe609ed9d8f69328bac8dda,camelot,liquidity_pool,arbitrum
0x95e409e87ac875d595e6de6da6eb37f1bf22f50c,gnosis_safe,multisig,ethereum
0xa2f987a546d4cd1c607ee8141276876c26b72bdf,anchor,lending,ethereum
0x27c115f0d823973743a5046139806adce5e9cfd5,argent,proxy,ethereum
0x2ca76db46b0c42d3abe17b259cb90c693d1b9986,instadapp,defi_aggr,ethereum
0x164819903ba357dce46a4fd514485b9d5dd42e00,uniswap_v2,liquidity_pool,ethereum
0xba12229072b5c36f3a28b8e34c8af913b2a3675b,kyberswap,liquidity_pool,polygon
0x828b154032950c8ff7cf8085d841723db2696056,curve_concentrated_pool,liquidity_pool,ethereum
0x67ff882071a0054f58a387f770cd09e13889de73,gearbox,lending,ethereum
0x8ce9df09496999016a3620b9c992706d7b0b345e,gnosis_safe,multisig,ethereum
0xb45cd57648fcc6eb1f18c5e22d30e19e70117ae9,argent,proxy,ethereum
0x7a2d1950ae28f067f688f7e8298f1443f50c0c18,proxy_multisig,multisig,ethereum
0x120fff50e09b522bdd696bc18edc5cac56af70c4,gnosis_safe,multisig,ethereum
0xa6347afc86abf77bb4c79ef56deb7cf2892566f3,gnosis_safe,multisig,ethereum
0x237a314d53e9aa126b215169eb1283a48953f315,gnosis_safe,multisig,ethereum
0x1bd9f918e38239e8454ee647e552862ec8e6f57d,proxy,others,ethereum
0x56ad039e01863566a91113ff0dc3f9288322d6fd,gearbox,lending,ethereum
0x049f9e332164bc3d46f27ebd8b505b899b49d041,gnosis_safe,multisig,ethereum
0xefd8a0b5e0e01a95fcc15656dad61d5b5436b2b4,agility,liquidity_pool,ethereum
0xfa61d61db727573c9bd8e447122b2350ccef9d61,enzyme_finance,defi_aggr,ethereum
0xe09b7fc43b3de7dba9cf634489d092ff0c99b753,gnosis_safe,multisig,ethereum
0xdd63ae655b388cd782681b7821be37fdb6d0e78d,vesper,yield,optimism
0x3eb01b3391ea15ce752d01cf3d3f09dec596f650,kyber_multisig,multisig,ethereum
0xe7fcb650ed4265680300c52326bc5057730c5ff0,gearbox,lending,ethereum
0x8ef64a3a445bb76cd4a7a49f8aed463a0e6046e7,gnosis_safe,multisig,ethereum
0x9b3c97db5538dd62c4e3f8f41f1277505fbb9e76,gnosis_safe,multisig,ethereum
0x519b70055af55a007110b4ff99b0ea33071c720a,dxDAO,others,ethereum
0xab6375d9d5b45f376e4a458bae39299f3e37c02a,proxy_multisig,multisig,ethereum
0xe8a8b458bcd1ececc6b6b58f80929b29ccecff40,railgun,treasury,ethereum
0xa8bad6ce1937f8e047bca239cff1f2224b899b23,dforce,lending,arbitrum
0x71ea128e53facebf20d927161e0e9c39d4a29713,gearbox,lending,ethereum
0xa0d3707c569ff8c87fa923d3823ec5d81c98be78,instadapp_v2,defi_aggr,ethereum
0x270f6ef8d01e80725e5d32589178b8a041021a45,proxy_multisig,multisig,ethereum
0x6da86bf835124c5b7665d1010da47ab5ae564e34,gnosis_safe,multisig,ethereum
0xe094a22330b1eb7d69bb6342a63c59c07c1a5b4c,gnosis_safe,multisig,ethereum
0x7cb62f8bed0f163e84b85ad5f924dcd82504226b,proxy_multisig,multisig,ethereum
0x43c4fb1cdd45a96395996c10473d7f4e6a7831d3,unknown16,others,ethereum
0x651361a042e0573295dd7f6a84dbd1da56dac9d5,balancer_v2,gauge,ethereum
0xe66cb3a0ccee18ef61c61b99fc943c2b3035036e,gearbox,lending,ethereum
0xc240cb2df5a2ccac50f66d4389570d648566ea7d,gearbox,lending,ethereum
0x25efa336886c74ea8e282ac466bdcd0199f85bb9,gnosis_safe,multisig,ethereum
0x51c2cef9efa48e08557a361b52db34061c025a1b,jpegd:multisig,multisig,ethereum
0xc8122db95bcfb10e87fd326dab1693a1b2c00158,gearbox,lending,ethereum
0xbc6b6c837560d1fe317ebb54e105c89f303d5afd,iron_bank,lending,ethereum
0x24ed6eb99c9aa7229336aaa05b4f3b07827404ea,gearbox,lending,ethereum
0xe93a4d8ede42557acb11fad16fda1edb14bf4ebc,argent,proxy,ethereum
0x7623e9dc0da6ff821ddb9ebaba794054e078f8c4,etherfi,staking,ethereum
0xc45a479877e1e9dfe9fcd4056c699575a1045daa,aave_v3,lending,optimism
0x13c8eb0dcca7117d72731a6f16a32ba96b9f0913,gearbox,lending,ethereum
0xe154df81ab93103bc0544581f925b53c997c7d9c,gnosis_safe,multisig,ethereum
0x3050620423f4db43e1904815e898c466526387b8,gnosis_safe,multisig,ethereum
0x56e974feff7959f2759b8e18c629d88c9d75f64f,instadapp,defi_aggr,ethereum
0x4aa42145aa6ebf72e164c9bbc74fbd3788045016,xdai_bridge,bridge,ethereum
0x9c93f2e2dad5373a0da85115055a362a9181ce6d,uniswap_v3,liquidity_pool,arbitrum
0x4fabff46addbef0d25002a6681ba54c3b973d463,gnosis_safe,multisig,ethereum
0xf938a9ed2fc7e4e03216ca210d8750506d743b5c,argent,proxy,ethereum
0x3f3a4f13a0c1390d018e75032f9e12dbe2b27412,argent,proxy,ethereum
0x53773e034d9784153471813dacaff53dbbb78e8c,ribbon_v2,yield,ethereum
0x513c7e3a9c69ca3e22550ef58ac1c0088e918fff,aave_v3,lending,arbitrum
0x1cad285860f36e1b72e52718755048ad5c458a1f,gearbox,lending,ethereum
0xc7a1fcde0b80c89b9b270cf9c87e9c6753f30d0b,gnosis_safe,multisig,ethereum
0x91d65caf4b9562779e39a30ea492bd4b02a9acbb,proxy_multisig,multisig,ethereum
0x4bfb33d65f4167ebe190145939479227e7bf2cb0,gnosis_safe,multisig,ethereum
0x91636fe0e0df10c8fc0f442957b763548d415ee7,gnosis_safe,multisig,ethereum
0xbc282a7ee8008346d499fddc150f5e9529e40050,argent,proxy,ethereum
0x5937f58c2be65e95b5519f126a79a4ca4f281f10,lsdx_finance,liquidity_pool,ethereum
0x3bdd85f4907b377f4ff107c46ad52bd106768974,unknown17,others,ethereum
0xcda2712b95bf79d64260032fcee623e7a930a6b9,unknown1,others,ethereum
0x0034e8411d397c7377c06995565e61846d9af957,gnosis_safe,multisig,ethereum
0xcae5ff0581228b460256987043d1ad9e570dfb28,gnosis_safe,multisig,ethereum
0x12df0c95d2c549bbbc96cf8fba02ca4bc541afd9,unknown6,others,ethereum
0xf603393a1df6e7d8f0ed2a009832387055437b34,gnosis_safe,multisig,ethereum
0xc32eb36f886f638fffd836df44c124074cfe3584,shell_protocol,others,arbitrum
0x27b04a92e2436ff81f074ceb0996bac8dff42d0d,gnosis_safe,multisig,ethereum
0x1d778d3c6cb658c56be571425f69eff809fdc1eb,gnosis_safe,multisig,ethereum
0xeb7e2f8efac7ab8079837417b65cd927f05f7465,wombat,liquidity_pool,arbitrum
0xfbf3fee8a50886498ff14ca42044f2374759a265,0xwald.eth,others,ethereum
0x1f58673666f29c7780390ad22a3a8f8542332b82,uniswap_v3,liquidity_pool,arbitrum
0x86f30bc33c0dda4dd5f48158ed8023aa371f833d,gnosis_safe,multisig,ethereum
0x96698bc70f11bb14544802346edee4477d6606e5,proxy,others,ethereum
0xa5adc5484f9997fbf7d405b9aa62a7d88883c345,?mean_finance,others,polygon
0x27f0e8beccfa594f4b08c24226ce75c535b900ea,gnosis_safe,multisig,ethereum
0xb67a9bf270fb32a8706cfc826a884f174c18cfe1,proxy_multisig,multisig,ethereum
0xd94631e93a3c0046c433a88d8fc5bec64ea9066c,gearbox,lending,ethereum
0x9f03bfbdf1e026cedb7f606e740a0b3aa16044e8,gnosis_safe,multisig,ethereum
0x79dbb72e18be3aaed8ea7f7f0a0fe7a132c2a047,gnosis_safe,multisig,ethereum
0x22ab31cd55130435b5efbf9224b6a9d5ec36533f,exact.ly,lending,optimism
0xb3dfe140a77ec43006499cb8c2e5e31975cad909,lido_vesting_recipient3,others,ethereum
0x88b9a85cb72b654289d3653321ee8089b087dedc,gnosis_safe,multisig,ethereum
0xc3e925b3614e9714b75a67801edbe4603a54bd3e,gnosis_safe,multisig,ethereum
0x4039e1c58b27298d92e69d5bf215378e4f8544a5,proxy_multisig,multisig,ethereum
0xdaeada3d210d2f45874724beea03c7d4bbd41674,ribbon,yield,ethereum
0xf5bce5077908a1b7370b9ae04adc565ebd643966,sushiSwap,liquidity_pool,ethereum
0x926b92b15385981416a5e0dcb4f8b31733d598cf,mai_finance,lending,optimism
0x7139ce2c735fed1576dee7149ca8f84c6a15462d,gearbox,lending,ethereum
0xd69d7a1031e6e63a162414f9a77278757690c30e,multisigwallet,multisig,ethereum
0x1f629794b34ffb3b29ff206be5478a52678b47ae,oneinch_lp,liquidity_pool,ethereum
0xc5f2cf5c4c874c296281e2a73a2e44c9fba55741,ribbon_v2,yield,ethereum
0xe3bb0b5847789eb0c89772af2d265e4c5bd9ceaf,uniswap_v3,liquidity_pool,optimism
0x7a3569ba5b0d3cd81d17e8eb246505bf0a6cba10,gnosis_safe,multisig,ethereum
0xbba4c8eb57df16c4cfabe4e9a3ab697a3e0c65d8,proxy_multisig,multisig,ethereum
0x5934807cc0654d46755ebd2848840b616256c6ef,opynfinance_v2,yield,ethereum
0x2ebe19aa2e29c8acadb14be3e7de153b0141e2aa,maverick_v1,liquidity_pool,ethereum
0xfb47b2ca7df248d36cf0e4f63bfd0503c25debd4,gnosis_safe,multisig,ethereum
0xc6aae788dd7b178c34bc0eb7eec12760e6528c3c,proxy,others,ethereum
